{
    "CR": {
        "ndev": 3775,
        "ntest": 3775,
        "acc": 76.37,
        "devacc": 76.07
    },
    "STS16": {
        "postediting": {
            "spearman": [
                0.752417602807597,
                8.953915881288747e-46
            ],
            "pearson": [
                0.6040879162740427,
                1.1681450056491901e-25
            ],
            "nsamples": 244
        },
        "plagiarism": {
            "spearman": [
                0.6400237462855844,
                6.6336830686445115e-28
            ],
            "pearson": [
                0.6253856102625437,
                2.2967582844049038e-26
            ],
            "nsamples": 230
        },
        "headlines": {
            "spearman": [
                0.5151840414358599,
                2.7842735862666197e-18
            ],
            "pearson": [
                0.5063901333159949,
                1.2703616422319745e-17
            ],
            "nsamples": 249
        },
        "answer-answer": {
            "spearman": [
                0.48313509698635587,
                2.921269897967539e-16
            ],
            "pearson": [
                0.4410552838628703,
                1.6283147256147362e-13
            ],
            "nsamples": 254
        },
        "all": {
            "spearman": {
                "mean": 0.5294799632632543,
                "wmean": 0.5357758156848097
            },
            "pearson": {
                "mean": 0.48047305194443624,
                "wmean": 0.486065436149671
            }
        },
        "question-question": {
            "spearman": [
                0.25663932880087414,
                0.0001761595851243309
            ],
            "pearson": [
                0.22544631600672974,
                0.001030558053365443
            ],
            "nsamples": 209
        }
    },
    "TREC": {
        "ndev": 5452,
        "ntest": 500,
        "acc": 80.8,
        "devacc": 74.78
    },
    "SICKEntailment": {
        "ndev": 500,
        "ntest": 4927,
        "acc": 77.39,
        "devacc": 76.8
    },
    "MR": {
        "ndev": 10662,
        "ntest": 10662,
        "acc": 70.77,
        "devacc": 70.6
    },
    "SST2": {
        "ndev": 872,
        "ntest": 1821,
        "acc": 73.37,
        "devacc": 73.85
    },
    "Depth": {
        "ndev": 10000,
        "ntest": 10000,
        "acc": 31.47,
        "devacc": 32.32
    },
    "Tense": {
        "ndev": 10000,
        "ntest": 10000,
        "acc": 76.79,
        "devacc": 77.88
    },
    "BigramShift": {
        "ndev": 10000,
        "ntest": 10000,
        "acc": 49.55,
        "devacc": 49.86
    },
    "SubjNumber": {
        "ndev": 10000,
        "ntest": 10000,
        "acc": 76.84,
        "devacc": 77.41
    },
    "SUBJ": {
        "ndev": 10000,
        "ntest": 10000,
        "acc": 87.52,
        "devacc": 87.29
    },
    "MPQA": {
        "ndev": 10606,
        "ntest": 10606,
        "acc": 86.76,
        "devacc": 86.82
    },
    "SST5": {
        "ndev": 1101,
        "ntest": 2210,
        "acc": 39.55,
        "devacc": 37.97
    },
    "MRPC": {
        "ndev": 4076,
        "ntest": 1725,
        "acc": 71.77,
        "f1": 80.82,
        "devacc": 71.49
    }
}