{
    "CR": {
        "ndev": 3775,
        "ntest": 3775,
        "acc": 73.62,
        "devacc": 73.77
    },
    "STS16": {
        "postediting": {
            "spearman": [
                0.7392443545224823,
                1.937509437690411e-43
            ],
            "pearson": [
                0.5720302169892956,
                1.3223064499229998e-22
            ],
            "nsamples": 244
        },
        "plagiarism": {
            "spearman": [
                0.6290450509460653,
                9.637470514839043e-27
            ],
            "pearson": [
                0.6091694050472557,
                9.416968296141578e-25
            ],
            "nsamples": 230
        },
        "headlines": {
            "spearman": [
                0.5170591651411787,
                2.0029360305232857e-18
            ],
            "pearson": [
                0.4986629331790723,
                4.6526114069048407e-17
            ],
            "nsamples": 249
        },
        "answer-answer": {
            "spearman": [
                0.46436671238785066,
                5.459192453510153e-15
            ],
            "pearson": [
                0.41173009555703194,
                8.195081798783309e-12
            ],
            "nsamples": 254
        },
        "all": {
            "spearman": {
                "mean": 0.5307962123484438,
                "wmean": 0.5357035489421405
            },
            "pearson": {
                "mean": 0.4686629550680198,
                "wmean": 0.47305292982624597
            }
        },
        "question-question": {
            "spearman": [
                0.3042657787446422,
                7.499636574241621e-06
            ],
            "pearson": [
                0.25172212456744336,
                0.00023630787113112595
            ],
            "nsamples": 209
        }
    },
    "TREC": {
        "ndev": 5452,
        "ntest": 500,
        "acc": 72.0,
        "devacc": 68.33
    },
    "SICKEntailment": {
        "ndev": 500,
        "ntest": 4927,
        "acc": 73.13,
        "devacc": 74.0
    },
    "MR": {
        "ndev": 10662,
        "ntest": 10662,
        "acc": 68.68,
        "devacc": 68.62
    },
    "SST2": {
        "ndev": 872,
        "ntest": 1821,
        "acc": 72.05,
        "devacc": 72.82
    },
    "Depth": {
        "ndev": 10000,
        "ntest": 10000,
        "acc": 31.2,
        "devacc": 31.22
    },
    "Tense": {
        "ndev": 10000,
        "ntest": 10000,
        "acc": 76.75,
        "devacc": 77.36
    },
    "BigramShift": {
        "ndev": 10000,
        "ntest": 10000,
        "acc": 50.03,
        "devacc": 49.88
    },
    "SubjNumber": {
        "ndev": 10000,
        "ntest": 10000,
        "acc": 75.58,
        "devacc": 76.29
    },
    "SUBJ": {
        "ndev": 10000,
        "ntest": 10000,
        "acc": 85.83,
        "devacc": 85.88
    },
    "MPQA": {
        "ndev": 10606,
        "ntest": 10606,
        "acc": 85.55,
        "devacc": 85.51
    },
    "SST5": {
        "ndev": 1101,
        "ntest": 2210,
        "acc": 37.69,
        "devacc": 35.42
    },
    "MRPC": {
        "ndev": 4076,
        "ntest": 1725,
        "acc": 71.83,
        "f1": 80.21,
        "devacc": 72.65
    }
}