{
    "CR": {
        "ndev": 3775,
        "ntest": 3775,
        "acc": 74.89,
        "devacc": 74.74
    },
    "STS16": {
        "postediting": {
            "spearman": [
                0.743312033745546,
                3.814518721853992e-44
            ],
            "pearson": [
                0.5686838631154155,
                2.63713533747538e-22
            ],
            "nsamples": 244
        },
        "plagiarism": {
            "spearman": [
                0.6139419218587517,
                3.227927722129163e-25
            ],
            "pearson": [
                0.583541127747237,
                2.19689063492397e-22
            ],
            "nsamples": 230
        },
        "headlines": {
            "spearman": [
                0.5207823221710847,
                1.0351757071096266e-18
            ],
            "pearson": [
                0.5039169401366351,
                1.9316306900644914e-17
            ],
            "nsamples": 249
        },
        "answer-answer": {
            "spearman": [
                0.46417418563929097,
                5.6204713318716815e-15
            ],
            "pearson": [
                0.4184670384707607,
                3.4437012208660626e-12
            ],
            "nsamples": 254
        },
        "all": {
            "spearman": {
                "mean": 0.5277326417623909,
                "wmean": 0.532975078771027
            },
            "pearson": {
                "mean": 0.463126107838583,
                "wmean": 0.4680546171329682
            }
        },
        "question-question": {
            "spearman": [
                0.29645274539728134,
                1.3099250788464607e-05
            ],
            "pearson": [
                0.24102156972286648,
                0.00043896022942221025
            ],
            "nsamples": 209
        }
    },
    "TREC": {
        "ndev": 5452,
        "ntest": 500,
        "acc": 73.8,
        "devacc": 69.65
    },
    "SICKEntailment": {
        "ndev": 500,
        "ntest": 4927,
        "acc": 74.67,
        "devacc": 72.8
    },
    "MR": {
        "ndev": 10662,
        "ntest": 10662,
        "acc": 69.16,
        "devacc": 69.02
    },
    "SST2": {
        "ndev": 872,
        "ntest": 1821,
        "acc": 70.62,
        "devacc": 72.13
    },
    "Depth": {
        "ndev": 10000,
        "ntest": 10000,
        "acc": 30.2,
        "devacc": 30.14
    },
    "Tense": {
        "ndev": 10000,
        "ntest": 10000,
        "acc": 75.56,
        "devacc": 76.68
    },
    "BigramShift": {
        "ndev": 10000,
        "ntest": 10000,
        "acc": 49.8,
        "devacc": 50.3
    },
    "SubjNumber": {
        "ndev": 10000,
        "ntest": 10000,
        "acc": 75.16,
        "devacc": 76.07
    },
    "SUBJ": {
        "ndev": 10000,
        "ntest": 10000,
        "acc": 85.58,
        "devacc": 85.69
    },
    "MPQA": {
        "ndev": 10606,
        "ntest": 10606,
        "acc": 86.06,
        "devacc": 86.08
    },
    "SST5": {
        "ndev": 1101,
        "ntest": 2210,
        "acc": 37.96,
        "devacc": 37.15
    },
    "MRPC": {
        "ndev": 4076,
        "ntest": 1725,
        "acc": 71.71,
        "f1": 81.01,
        "devacc": 71.17
    }
}