{
    "CR": {
        "ndev": 3775,
        "ntest": 3775,
        "acc": 74.62,
        "devacc": 74.49
    },
    "STS16": {
        "postediting": {
            "spearman": [
                0.743312033745546,
                3.814518721853992e-44
            ],
            "pearson": [
                0.5686838232401469,
                2.637156907009177e-22
            ],
            "nsamples": 244
        },
        "plagiarism": {
            "spearman": [
                0.6139419218587517,
                3.227927722129163e-25
            ],
            "pearson": [
                0.5835410588080359,
                2.196921443114754e-22
            ],
            "nsamples": 230
        },
        "headlines": {
            "spearman": [
                0.5209743896458946,
                1.000301373490889e-18
            ],
            "pearson": [
                0.5039169231401628,
                1.93163623049866e-17
            ],
            "nsamples": 249
        },
        "answer-answer": {
            "spearman": [
                0.46417418563929097,
                5.6204713318716815e-15
            ],
            "pearson": [
                0.4184671855219359,
                3.4436353229092075e-12
            ],
            "nsamples": 254
        },
        "all": {
            "spearman": {
                "mean": 0.5276870519713346,
                "wmean": 0.5329413868379228
            },
            "pearson": {
                "mean": 0.46312611509051643,
                "wmean": 0.46805462613158283
            }
        },
        "question-question": {
            "spearman": [
                0.2960327289671894,
                1.3491783587754922e-05
            ],
            "pearson": [
                0.24102158474230054,
                0.00043895985621297096
            ],
            "nsamples": 209
        }
    },
    "TREC": {
        "ndev": 5452,
        "ntest": 500,
        "acc": 72.0,
        "devacc": 69.35
    },
    "SICKEntailment": {
        "ndev": 500,
        "ntest": 4927,
        "acc": 73.27,
        "devacc": 72.0
    },
    "MR": {
        "ndev": 10662,
        "ntest": 10662,
        "acc": 68.67,
        "devacc": 68.71
    },
    "SST2": {
        "ndev": 872,
        "ntest": 1821,
        "acc": 72.38,
        "devacc": 72.82
    },
    "Depth": {
        "ndev": 10000,
        "ntest": 10000,
        "acc": 31.07,
        "devacc": 31.1
    },
    "Tense": {
        "ndev": 10000,
        "ntest": 10000,
        "acc": 75.4,
        "devacc": 76.49
    },
    "BigramShift": {
        "ndev": 10000,
        "ntest": 10000,
        "acc": 49.97,
        "devacc": 50.12
    },
    "SubjNumber": {
        "ndev": 10000,
        "ntest": 10000,
        "acc": 75.69,
        "devacc": 76.17
    },
    "SUBJ": {
        "ndev": 10000,
        "ntest": 10000,
        "acc": 85.88,
        "devacc": 85.88
    },
    "MPQA": {
        "ndev": 10606,
        "ntest": 10606,
        "acc": 85.58,
        "devacc": 85.66
    },
    "SST5": {
        "ndev": 1101,
        "ntest": 2210,
        "acc": 37.83,
        "devacc": 35.51
    },
    "MRPC": {
        "ndev": 4076,
        "ntest": 1725,
        "acc": 72.12,
        "f1": 80.34,
        "devacc": 71.45
    }
}