{
    "CR": {
        "ndev": 3775,
        "ntest": 3775,
        "acc": 73.99,
        "devacc": 74.27
    },
    "STS16": {
        "postediting": {
            "spearman": [
                0.7501872913571757,
                2.278387280827727e-45
            ],
            "pearson": [
                0.5646989612625624,
                5.939150493304959e-22
            ],
            "nsamples": 244
        },
        "plagiarism": {
            "spearman": [
                0.5772494391080983,
                7.79244986638108e-22
            ],
            "pearson": [
                0.550164098903306,
                1.3458007799096516e-19
            ],
            "nsamples": 230
        },
        "headlines": {
            "spearman": [
                0.507694477934772,
                1.0170625899779592e-17
            ],
            "pearson": [
                0.4856689462152562,
                3.8387049594808875e-16
            ],
            "nsamples": 249
        },
        "answer-answer": {
            "spearman": [
                0.4744654465290073,
                1.155114055217671e-15
            ],
            "pearson": [
                0.40295310577760274,
                2.4639992094684438e-11
            ],
            "nsamples": 254
        },
        "all": {
            "spearman": {
                "mean": 0.48359331940367023,
                "wmean": 0.4935856124846566
            },
            "pearson": {
                "mean": 0.413741503531305,
                "wmean": 0.42262852320402633
            }
        },
        "question-question": {
            "spearman": [
                0.10836994208929776,
                0.11831309432412956
            ],
            "pearson": [
                0.06522240549779777,
                0.34811397355525
            ],
            "nsamples": 209
        }
    },
    "TREC": {
        "ndev": 5452,
        "ntest": 500,
        "acc": 78.0,
        "devacc": 70.91
    },
    "SICKEntailment": {
        "ndev": 500,
        "ntest": 4927,
        "acc": 74.2,
        "devacc": 75.8
    },
    "MR": {
        "ndev": 10662,
        "ntest": 10662,
        "acc": 68.35,
        "devacc": 68.33
    },
    "SST2": {
        "ndev": 872,
        "ntest": 1821,
        "acc": 70.35,
        "devacc": 71.22
    },
    "Depth": {
        "ndev": 10000,
        "ntest": 10000,
        "acc": 30.96,
        "devacc": 30.64
    },
    "Tense": {
        "ndev": 10000,
        "ntest": 10000,
        "acc": 75.56,
        "devacc": 76.34
    },
    "BigramShift": {
        "ndev": 10000,
        "ntest": 10000,
        "acc": 50.81,
        "devacc": 49.72
    },
    "SubjNumber": {
        "ndev": 10000,
        "ntest": 10000,
        "acc": 74.95,
        "devacc": 76.31
    },
    "SUBJ": {
        "ndev": 10000,
        "ntest": 10000,
        "acc": 85.04,
        "devacc": 85.15
    },
    "MPQA": {
        "ndev": 10606,
        "ntest": 10606,
        "acc": 86.16,
        "devacc": 86.08
    },
    "SST5": {
        "ndev": 1101,
        "ntest": 2210,
        "acc": 36.7,
        "devacc": 35.51
    },
    "MRPC": {
        "ndev": 4076,
        "ntest": 1725,
        "acc": 70.96,
        "f1": 80.39,
        "devacc": 71.67
    }
}