{
    "CR": {
        "ndev": 3775,
        "ntest": 3775,
        "acc": 74.04,
        "devacc": 74.25
    },
    "STS16": {
        "postediting": {
            "spearman": [
                0.7493201342004565,
                3.267199187343423e-45
            ],
            "pearson": [
                0.5535473100960421,
                5.43976223609608e-21
            ],
            "nsamples": 244
        },
        "plagiarism": {
            "spearman": [
                0.5677257556918436,
                5.033052211496795e-21
            ],
            "pearson": [
                0.5259562277466304,
                9.20111492981739e-18
            ],
            "nsamples": 230
        },
        "headlines": {
            "spearman": [
                0.5045644058146209,
                1.7314939816617788e-17
            ],
            "pearson": [
                0.48521945605838523,
                4.1228474498340256e-16
            ],
            "nsamples": 249
        },
        "answer-answer": {
            "spearman": [
                0.46407643557197187,
                5.704131146704732e-15
            ],
            "pearson": [
                0.38670184297521415,
                1.7405867390563577e-10
            ],
            "nsamples": 254
        },
        "all": {
            "spearman": {
                "mean": 0.4807297300582862,
                "wmean": 0.4903684901439945
            },
            "pearson": {
                "mean": 0.4047295914644756,
                "wmean": 0.41329849990947537
            }
        },
        "question-question": {
            "spearman": [
                0.11796191901253844,
                0.08892943240118456
            ],
            "pearson": [
                0.07222312044610643,
                0.2987055239538083
            ],
            "nsamples": 209
        }
    },
    "TREC": {
        "ndev": 5452,
        "ntest": 500,
        "acc": 78.0,
        "devacc": 70.73
    },
    "SICKEntailment": {
        "ndev": 500,
        "ntest": 4927,
        "acc": 74.02,
        "devacc": 73.0
    },
    "MR": {
        "ndev": 10662,
        "ntest": 10662,
        "acc": 68.41,
        "devacc": 68.33
    },
    "SST2": {
        "ndev": 872,
        "ntest": 1821,
        "acc": 70.95,
        "devacc": 70.99
    },
    "Depth": {
        "ndev": 10000,
        "ntest": 10000,
        "acc": 30.33,
        "devacc": 30.26
    },
    "Tense": {
        "ndev": 10000,
        "ntest": 10000,
        "acc": 74.69,
        "devacc": 75.06
    },
    "BigramShift": {
        "ndev": 10000,
        "ntest": 10000,
        "acc": 50.07,
        "devacc": 49.9
    },
    "SubjNumber": {
        "ndev": 10000,
        "ntest": 10000,
        "acc": 74.94,
        "devacc": 76.19
    },
    "SUBJ": {
        "ndev": 10000,
        "ntest": 10000,
        "acc": 85.36,
        "devacc": 85.43
    },
    "MPQA": {
        "ndev": 10606,
        "ntest": 10606,
        "acc": 86.21,
        "devacc": 86.15
    },
    "SST5": {
        "ndev": 1101,
        "ntest": 2210,
        "acc": 36.24,
        "devacc": 35.69
    },
    "MRPC": {
        "ndev": 4076,
        "ntest": 1725,
        "acc": 72.06,
        "f1": 81.11,
        "devacc": 71.08
    }
}