{
    "CR": {
        "ndev": 3775,
        "ntest": 3775,
        "acc": 74.15,
        "devacc": 74.26
    },
    "STS16": {
        "postediting": {
            "spearman": [
                0.7410239118180101,
                9.55200859662168e-44
            ],
            "pearson": [
                0.5709808988716513,
                1.643267504817278e-22
            ],
            "nsamples": 244
        },
        "plagiarism": {
            "spearman": [
                0.6253903812710744,
                2.2941765064390138e-26
            ],
            "pearson": [
                0.5942748456883985,
                2.3755321820036262e-23
            ],
            "nsamples": 230
        },
        "headlines": {
            "spearman": [
                0.5243904646180527,
                5.418017145478882e-19
            ],
            "pearson": [
                0.5066707405835159,
                1.2111132969719282e-17
            ],
            "nsamples": 249
        },
        "answer-answer": {
            "spearman": [
                0.46365830315473294,
                6.075954932524262e-15
            ],
            "pearson": [
                0.4214324663810566,
                2.336735695993504e-12
            ],
            "nsamples": 254
        },
        "all": {
            "spearman": {
                "mean": 0.5425837876255668,
                "wmean": 0.5462979217670534
            },
            "pearson": {
                "mean": 0.4796026828818608,
                "wmean": 0.4830355796306889
            }
        },
        "question-question": {
            "spearman": [
                0.3584558772659641,
                9.863796264501885e-08
            ],
            "pearson": [
                0.3046544628846821,
                7.291342907232554e-06
            ],
            "nsamples": 209
        }
    },
    "TREC": {
        "ndev": 5452,
        "ntest": 500,
        "acc": 74.4,
        "devacc": 68.67
    },
    "SICKEntailment": {
        "ndev": 500,
        "ntest": 4927,
        "acc": 75.77,
        "devacc": 75.6
    },
    "MR": {
        "ndev": 10662,
        "ntest": 10662,
        "acc": 69.0,
        "devacc": 68.86
    },
    "SST2": {
        "ndev": 872,
        "ntest": 1821,
        "acc": 70.62,
        "devacc": 71.44
    },
    "Depth": {
        "ndev": 10000,
        "ntest": 10000,
        "acc": 29.84,
        "devacc": 29.96
    },
    "Tense": {
        "ndev": 10000,
        "ntest": 10000,
        "acc": 75.25,
        "devacc": 77.05
    },
    "BigramShift": {
        "ndev": 10000,
        "ntest": 10000,
        "acc": 50.21,
        "devacc": 50.26
    },
    "SubjNumber": {
        "ndev": 10000,
        "ntest": 10000,
        "acc": 74.88,
        "devacc": 76.19
    },
    "SUBJ": {
        "ndev": 10000,
        "ntest": 10000,
        "acc": 86.01,
        "devacc": 86.01
    },
    "MPQA": {
        "ndev": 10606,
        "ntest": 10606,
        "acc": 85.94,
        "devacc": 86.06
    },
    "SST5": {
        "ndev": 1101,
        "ntest": 2210,
        "acc": 37.83,
        "devacc": 37.6
    },
    "MRPC": {
        "ndev": 4076,
        "ntest": 1725,
        "acc": 71.71,
        "f1": 80.67,
        "devacc": 72.08
    }
}