{
    "CR": {
        "ndev": 3775,
        "ntest": 3775,
        "acc": 73.85,
        "devacc": 73.8
    },
    "STS16": {
        "postediting": {
            "spearman": [
                0.7429157387357603,
                4.4749537591765354e-44
            ],
            "pearson": [
                0.562562421008756,
                9.137320862682155e-22
            ],
            "nsamples": 244
        },
        "plagiarism": {
            "spearman": [
                0.5741208013945522,
                1.4478541897686377e-21
            ],
            "pearson": [
                0.5414644813791507,
                6.38893110622093e-19
            ],
            "nsamples": 230
        },
        "headlines": {
            "spearman": [
                0.509505052456536,
                7.457576939856148e-18
            ],
            "pearson": [
                0.48275196643396906,
                6.090226591894021e-16
            ],
            "nsamples": 249
        },
        "answer-answer": {
            "spearman": [
                0.4642883743292099,
                5.524262050763605e-15
            ],
            "pearson": [
                0.3892873720707123,
                1.284376335799989e-10
            ],
            "nsamples": 254
        },
        "all": {
            "spearman": {
                "mean": 0.46801539639850437,
                "wmean": 0.4792646339498736
            },
            "pearson": {
                "mean": 0.3990259502756996,
                "wmean": 0.40882847157075514
            }
        },
        "question-question": {
            "spearman": [
                0.04924701507646301,
                0.4788733634694071
            ],
            "pearson": [
                0.019063510485910137,
                0.7841076706527996
            ],
            "nsamples": 209
        }
    },
    "TREC": {
        "ndev": 5452,
        "ntest": 500,
        "acc": 74.6,
        "devacc": 70.25
    },
    "SICKEntailment": {
        "ndev": 500,
        "ntest": 4927,
        "acc": 73.9,
        "devacc": 72.0
    },
    "MR": {
        "ndev": 10662,
        "ntest": 10662,
        "acc": 68.08,
        "devacc": 67.8
    },
    "SST2": {
        "ndev": 872,
        "ntest": 1821,
        "acc": 71.28,
        "devacc": 71.79
    },
    "Depth": {
        "ndev": 10000,
        "ntest": 10000,
        "acc": 31.85,
        "devacc": 31.35
    },
    "Tense": {
        "ndev": 10000,
        "ntest": 10000,
        "acc": 74.83,
        "devacc": 75.42
    },
    "BigramShift": {
        "ndev": 10000,
        "ntest": 10000,
        "acc": 50.06,
        "devacc": 50.05
    },
    "SubjNumber": {
        "ndev": 10000,
        "ntest": 10000,
        "acc": 75.04,
        "devacc": 76.01
    },
    "SUBJ": {
        "ndev": 10000,
        "ntest": 10000,
        "acc": 85.46,
        "devacc": 85.21
    },
    "MPQA": {
        "ndev": 10606,
        "ntest": 10606,
        "acc": 85.52,
        "devacc": 85.53
    },
    "SST5": {
        "ndev": 1101,
        "ntest": 2210,
        "acc": 35.43,
        "devacc": 35.06
    },
    "MRPC": {
        "ndev": 4076,
        "ntest": 1725,
        "acc": 71.13,
        "f1": 79.44,
        "devacc": 71.71
    }
}