{
    "CR": {
        "ndev": 3775,
        "ntest": 3775,
        "acc": 76.08,
        "devacc": 76.12
    },
    "STS16": {
        "postediting": {
            "spearman": [
                0.7526362772210304,
                8.166034007012982e-46
            ],
            "pearson": [
                0.6219727008477753,
                1.6166144977286284e-27
            ],
            "nsamples": 244
        },
        "plagiarism": {
            "spearman": [
                0.6641163532898277,
                1.2541848442766496e-30
            ],
            "pearson": [
                0.6525637209446185,
                2.723759693510099e-29
            ],
            "nsamples": 230
        },
        "headlines": {
            "spearman": [
                0.5157921030914202,
                2.502777336287188e-18
            ],
            "pearson": [
                0.5077619773909849,
                1.0053990225776998e-17
            ],
            "nsamples": 249
        },
        "answer-answer": {
            "spearman": [
                0.47130287876164134,
                1.889082580883543e-15
            ],
            "pearson": [
                0.440205510726795,
                1.8339890924812118e-13
            ],
            "nsamples": 254
        },
        "all": {
            "spearman": {
                "mean": 0.5353396498872702,
                "wmean": 0.5409434746390814
            },
            "pearson": {
                "mean": 0.4932220830529217,
                "wmean": 0.4983218267606725
            }
        },
        "question-question": {
            "spearman": [
                0.2728506370724317,
                6.414915639943224e-05
            ],
            "pearson": [
                0.24360650535443495,
                0.0003789089209661783
            ],
            "nsamples": 209
        }
    },
    "TREC": {
        "ndev": 5452,
        "ntest": 500,
        "acc": 81.4,
        "devacc": 76.14
    },
    "SICKEntailment": {
        "ndev": 500,
        "ntest": 4927,
        "acc": 74.45,
        "devacc": 71.0
    },
    "MR": {
        "ndev": 10662,
        "ntest": 10662,
        "acc": 70.64,
        "devacc": 70.63
    },
    "SST2": {
        "ndev": 872,
        "ntest": 1821,
        "acc": 75.56,
        "devacc": 76.03
    },
    "Depth": {
        "ndev": 10000,
        "ntest": 10000,
        "acc": 32.26,
        "devacc": 32.51
    },
    "Tense": {
        "ndev": 10000,
        "ntest": 10000,
        "acc": 76.93,
        "devacc": 77.6
    },
    "BigramShift": {
        "ndev": 10000,
        "ntest": 10000,
        "acc": 49.83,
        "devacc": 49.78
    },
    "SubjNumber": {
        "ndev": 10000,
        "ntest": 10000,
        "acc": 76.74,
        "devacc": 77.18
    },
    "SUBJ": {
        "ndev": 10000,
        "ntest": 10000,
        "acc": 88.14,
        "devacc": 87.97
    },
    "MPQA": {
        "ndev": 10606,
        "ntest": 10606,
        "acc": 86.75,
        "devacc": 86.72
    },
    "SST5": {
        "ndev": 1101,
        "ntest": 2210,
        "acc": 38.14,
        "devacc": 37.51
    },
    "MRPC": {
        "ndev": 4076,
        "ntest": 1725,
        "acc": 68.87,
        "f1": 77.52,
        "devacc": 70.68
    }
}