{
    "CR": {
        "ndev": 3775,
        "ntest": 3775,
        "acc": 77.06,
        "devacc": 77.22
    },
    "STS16": {
        "postediting": {
            "spearman": [
                0.7526362772210304,
                8.166034007012982e-46
            ],
            "pearson": [
                0.6219726716060829,
                1.616626176780998e-27
            ],
            "nsamples": 244
        },
        "plagiarism": {
            "spearman": [
                0.6641163532898277,
                1.2541848442766496e-30
            ],
            "pearson": [
                0.652563620179976,
                2.723831228244269e-29
            ],
            "nsamples": 230
        },
        "headlines": {
            "spearman": [
                0.515695917495762,
                2.545368494962656e-18
            ],
            "pearson": [
                0.5077619890221045,
                1.0053970241277517e-17
            ],
            "nsamples": 249
        },
        "answer-answer": {
            "spearman": [
                0.4713029650450013,
                1.8890573598723383e-15
            ],
            "pearson": [
                0.44020537271294136,
                1.8340244736488263e-13
            ],
            "nsamples": 254
        },
        "all": {
            "spearman": {
                "mean": 0.5352671037605015,
                "wmean": 0.540876312545027
            },
            "pearson": {
                "mean": 0.4932220897088623,
                "wmean": 0.4983218251338281
            }
        },
        "question-question": {
            "spearman": [
                0.27258400575088604,
                6.52581375356937e-05
            ],
            "pearson": [
                0.24360679502320712,
                0.0003789026410620452
            ],
            "nsamples": 209
        }
    },
    "TREC": {
        "ndev": 5452,
        "ntest": 500,
        "acc": 83.2,
        "devacc": 77.02
    },
    "SICKEntailment": {
        "ndev": 500,
        "ntest": 4927,
        "acc": 77.39,
        "devacc": 75.4
    },
    "MR": {
        "ndev": 10662,
        "ntest": 10662,
        "acc": 71.26,
        "devacc": 71.15
    },
    "SST2": {
        "ndev": 872,
        "ntest": 1821,
        "acc": 74.24,
        "devacc": 73.97
    },
    "Depth": {
        "ndev": 10000,
        "ntest": 10000,
        "acc": 32.01,
        "devacc": 32.5
    },
    "Tense": {
        "ndev": 10000,
        "ntest": 10000,
        "acc": 77.12,
        "devacc": 77.83
    },
    "BigramShift": {
        "ndev": 10000,
        "ntest": 10000,
        "acc": 49.96,
        "devacc": 49.7
    },
    "SubjNumber": {
        "ndev": 10000,
        "ntest": 10000,
        "acc": 76.93,
        "devacc": 77.51
    },
    "SUBJ": {
        "ndev": 10000,
        "ntest": 10000,
        "acc": 88.22,
        "devacc": 88.17
    },
    "MPQA": {
        "ndev": 10606,
        "ntest": 10606,
        "acc": 87.26,
        "devacc": 87.07
    },
    "SST5": {
        "ndev": 1101,
        "ntest": 2210,
        "acc": 39.19,
        "devacc": 38.15
    },
    "MRPC": {
        "ndev": 4076,
        "ntest": 1725,
        "acc": 71.07,
        "f1": 80.33,
        "devacc": 71.0
    }
}