{
    "CR": {
        "ndev": 3775,
        "ntest": 3775,
        "acc": 73.67,
        "devacc": 73.62
    },
    "STS16": {
        "postediting": {
            "spearman": [
                0.7493201342004565,
                3.267199187343423e-45
            ],
            "pearson": [
                0.5535472845060643,
                5.439789366817546e-21
            ],
            "nsamples": 244
        },
        "plagiarism": {
            "spearman": [
                0.5677257556918436,
                5.033052211496795e-21
            ],
            "pearson": [
                0.5259562941516895,
                9.201012513535791e-18
            ],
            "nsamples": 230
        },
        "headlines": {
            "spearman": [
                0.5046122044347343,
                1.7175528624717706e-17
            ],
            "pearson": [
                0.4852194667283507,
                4.1228404663199586e-16
            ],
            "nsamples": 249
        },
        "answer-answer": {
            "spearman": [
                0.46407643557197187,
                5.704131146704732e-15
            ],
            "pearson": [
                0.386701704147825,
                1.7406150224888856e-10
            ],
            "nsamples": 254
        },
        "all": {
            "spearman": {
                "mean": 0.4808149310166258,
                "wmean": 0.4904451739098201
            },
            "pearson": {
                "mean": 0.4047295832664295,
                "wmean": 0.41329848819907483
            }
        },
        "question-question": {
            "spearman": [
                0.11834012518412282,
                0.08790298866610377
            ],
            "pearson": [
                0.07222316679821825,
                0.2987052130233925
            ],
            "nsamples": 209
        }
    },
    "TREC": {
        "ndev": 5452,
        "ntest": 500,
        "acc": 75.0,
        "devacc": 70.36
    },
    "SICKEntailment": {
        "ndev": 500,
        "ntest": 4927,
        "acc": 72.62,
        "devacc": 72.2
    },
    "MR": {
        "ndev": 10662,
        "ntest": 10662,
        "acc": 68.02,
        "devacc": 68.05
    },
    "SST2": {
        "ndev": 872,
        "ntest": 1821,
        "acc": 71.33,
        "devacc": 72.59
    },
    "Depth": {
        "ndev": 10000,
        "ntest": 10000,
        "acc": 30.98,
        "devacc": 31.1
    },
    "Tense": {
        "ndev": 10000,
        "ntest": 10000,
        "acc": 74.69,
        "devacc": 75.24
    },
    "BigramShift": {
        "ndev": 10000,
        "ntest": 10000,
        "acc": 49.78,
        "devacc": 50.13
    },
    "SubjNumber": {
        "ndev": 10000,
        "ntest": 10000,
        "acc": 75.03,
        "devacc": 75.93
    },
    "SUBJ": {
        "ndev": 10000,
        "ntest": 10000,
        "acc": 85.28,
        "devacc": 85.29
    },
    "MPQA": {
        "ndev": 10606,
        "ntest": 10606,
        "acc": 85.49,
        "devacc": 85.51
    },
    "SST5": {
        "ndev": 1101,
        "ntest": 2210,
        "acc": 37.38,
        "devacc": 35.06
    },
    "MRPC": {
        "ndev": 4076,
        "ntest": 1725,
        "acc": 71.42,
        "f1": 79.67,
        "devacc": 73.06
    }
}