{
    "CR": {
        "ndev": 3775,
        "ntest": 3775,
        "acc": 74.04,
        "devacc": 74.0
    },
    "STS16": {
        "postediting": {
            "spearman": [
                0.7501872913571757,
                2.278387280827727e-45
            ],
            "pearson": [
                0.5646989251312808,
                5.939193918697316e-22
            ],
            "nsamples": 244
        },
        "plagiarism": {
            "spearman": [
                0.5772494391080983,
                7.79244986638108e-22
            ],
            "pearson": [
                0.5501642203892276,
                1.345771080722676e-19
            ],
            "nsamples": 230
        },
        "headlines": {
            "spearman": [
                0.507694477934772,
                1.0170625899779592e-17
            ],
            "pearson": [
                0.4856689269372582,
                3.8387167246616877e-16
            ],
            "nsamples": 249
        },
        "answer-answer": {
            "spearman": [
                0.4744654465290073,
                1.155114055217671e-15
            ],
            "pearson": [
                0.40295324258817355,
                2.4639575440871578e-11
            ],
            "nsamples": 254
        },
        "all": {
            "spearman": {
                "mean": 0.48359331940367023,
                "wmean": 0.4935856124846566
            },
            "pearson": {
                "mean": 0.41374157083695906,
                "wmean": 0.4226285881335152
            }
        },
        "question-question": {
            "spearman": [
                0.10836994208929776,
                0.11831309432412956
            ],
            "pearson": [
                0.06522253913885534,
                0.3481129837029253
            ],
            "nsamples": 209
        }
    },
    "TREC": {
        "ndev": 5452,
        "ntest": 500,
        "acc": 76.2,
        "devacc": 70.67
    },
    "SICKEntailment": {
        "ndev": 500,
        "ntest": 4927,
        "acc": 73.01,
        "devacc": 71.8
    },
    "MR": {
        "ndev": 10662,
        "ntest": 10662,
        "acc": 68.32,
        "devacc": 68.18
    },
    "SST2": {
        "ndev": 872,
        "ntest": 1821,
        "acc": 71.77,
        "devacc": 70.87
    },
    "Depth": {
        "ndev": 10000,
        "ntest": 10000,
        "acc": 31.87,
        "devacc": 31.38
    },
    "Tense": {
        "ndev": 10000,
        "ntest": 10000,
        "acc": 75.52,
        "devacc": 76.46
    },
    "BigramShift": {
        "ndev": 10000,
        "ntest": 10000,
        "acc": 50.51,
        "devacc": 49.84
    },
    "SubjNumber": {
        "ndev": 10000,
        "ntest": 10000,
        "acc": 75.39,
        "devacc": 76.32
    },
    "SUBJ": {
        "ndev": 10000,
        "ntest": 10000,
        "acc": 85.27,
        "devacc": 85.22
    },
    "MPQA": {
        "ndev": 10606,
        "ntest": 10606,
        "acc": 85.27,
        "devacc": 85.31
    },
    "SST5": {
        "ndev": 1101,
        "ntest": 2210,
        "acc": 36.88,
        "devacc": 34.42
    },
    "MRPC": {
        "ndev": 4076,
        "ntest": 1725,
        "acc": 72.41,
        "f1": 80.48,
        "devacc": 72.62
    }
}