{
    "CR": {
        "ndev": 3775,
        "ntest": 3775,
        "acc": 73.67,
        "devacc": 73.63
    },
    "STS16": {
        "postediting": {
            "spearman": [
                0.7395895417191666,
                1.6899018502323953e-43
            ],
            "pearson": [
                0.5646651618970615,
                5.979909963437542e-22
            ],
            "nsamples": 244
        },
        "plagiarism": {
            "spearman": [
                0.6157554796686856,
                2.1386880879091143e-25
            ],
            "pearson": [
                0.592090970689157,
                3.760397781637982e-23
            ],
            "nsamples": 230
        },
        "headlines": {
            "spearman": [
                0.5125174566031689,
                4.432217418635675e-18
            ],
            "pearson": [
                0.4942826394128299,
                9.572036630134768e-17
            ],
            "nsamples": 249
        },
        "answer-answer": {
            "spearman": [
                0.4723435638889918,
                1.6076727295209678e-15
            ],
            "pearson": [
                0.41878959099875257,
                3.3020722968481753e-12
            ],
            "nsamples": 254
        },
        "all": {
            "spearman": {
                "mean": 0.5168996937101846,
                "wmean": 0.523383505564492
            },
            "pearson": {
                "mean": 0.45354451891201963,
                "wmean": 0.4593322516740193
            }
        },
        "question-question": {
            "spearman": [
                0.24429242667091056,
                0.0003643060865347809
            ],
            "pearson": [
                0.19789423156229696,
                0.004075915967403612
            ],
            "nsamples": 209
        }
    },
    "TREC": {
        "ndev": 5452,
        "ntest": 500,
        "acc": 72.6,
        "devacc": 68.77
    },
    "SICKEntailment": {
        "ndev": 500,
        "ntest": 4927,
        "acc": 74.3,
        "devacc": 72.6
    },
    "MR": {
        "ndev": 10662,
        "ntest": 10662,
        "acc": 68.79,
        "devacc": 68.59
    },
    "SST2": {
        "ndev": 872,
        "ntest": 1821,
        "acc": 72.16,
        "devacc": 72.36
    },
    "Depth": {
        "ndev": 10000,
        "ntest": 10000,
        "acc": 31.76,
        "devacc": 31.59
    },
    "Tense": {
        "ndev": 10000,
        "ntest": 10000,
        "acc": 76.37,
        "devacc": 77.08
    },
    "BigramShift": {
        "ndev": 10000,
        "ntest": 10000,
        "acc": 50.05,
        "devacc": 49.73
    },
    "SubjNumber": {
        "ndev": 10000,
        "ntest": 10000,
        "acc": 75.5,
        "devacc": 76.43
    },
    "SUBJ": {
        "ndev": 10000,
        "ntest": 10000,
        "acc": 85.71,
        "devacc": 85.67
    },
    "MPQA": {
        "ndev": 10606,
        "ntest": 10606,
        "acc": 85.84,
        "devacc": 85.78
    },
    "SST5": {
        "ndev": 1101,
        "ntest": 2210,
        "acc": 38.1,
        "devacc": 35.33
    },
    "MRPC": {
        "ndev": 4076,
        "ntest": 1725,
        "acc": 71.71,
        "f1": 79.93,
        "devacc": 72.25
    }
}