{
    "CR": {
        "ndev": 3775,
        "ntest": 3775,
        "acc": 73.99,
        "devacc": 74.31
    },
    "STS16": {
        "postediting": {
            "spearman": [
                0.7429157387357603,
                4.4749537591765354e-44
            ],
            "pearson": [
                0.5625624935304924,
                9.137187731450205e-22
            ],
            "nsamples": 244
        },
        "plagiarism": {
            "spearman": [
                0.5741208013945522,
                1.4478541897686377e-21
            ],
            "pearson": [
                0.5414642467284112,
                6.389195649676096e-19
            ],
            "nsamples": 230
        },
        "headlines": {
            "spearman": [
                0.5095534422845026,
                7.395803970286791e-18
            ],
            "pearson": [
                0.4827519559934508,
                6.090236605087368e-16
            ],
            "nsamples": 249
        },
        "answer-answer": {
            "spearman": [
                0.4642883743292099,
                5.524262050763605e-15
            ],
            "pearson": [
                0.389287321489179,
                1.2843840063460196e-10
            ],
            "nsamples": 254
        },
        "all": {
            "spearman": {
                "mean": 0.46803731821737965,
                "wmean": 0.47928558158380563
            },
            "pearson": {
                "mean": 0.3990259214540165,
                "wmean": 0.4088284418895971
            }
        },
        "question-question": {
            "spearman": [
                0.049308234342873375,
                0.478326269584296
            ],
            "pearson": [
                0.019063589528549002,
                0.7841067975174989
            ],
            "nsamples": 209
        }
    },
    "TREC": {
        "ndev": 5452,
        "ntest": 500,
        "acc": 78.4,
        "devacc": 70.97
    },
    "SICKEntailment": {
        "ndev": 500,
        "ntest": 4927,
        "acc": 74.77,
        "devacc": 74.4
    },
    "MR": {
        "ndev": 10662,
        "ntest": 10662,
        "acc": 67.61,
        "devacc": 67.78
    },
    "SST2": {
        "ndev": 872,
        "ntest": 1821,
        "acc": 70.4,
        "devacc": 70.99
    },
    "Depth": {
        "ndev": 10000,
        "ntest": 10000,
        "acc": 30.92,
        "devacc": 30.35
    },
    "Tense": {
        "ndev": 10000,
        "ntest": 10000,
        "acc": 74.66,
        "devacc": 75.31
    },
    "BigramShift": {
        "ndev": 10000,
        "ntest": 10000,
        "acc": 50.35,
        "devacc": 50.2
    },
    "SubjNumber": {
        "ndev": 10000,
        "ntest": 10000,
        "acc": 74.57,
        "devacc": 76.18
    },
    "SUBJ": {
        "ndev": 10000,
        "ntest": 10000,
        "acc": 85.67,
        "devacc": 85.52
    },
    "MPQA": {
        "ndev": 10606,
        "ntest": 10606,
        "acc": 86.19,
        "devacc": 86.17
    },
    "SST5": {
        "ndev": 1101,
        "ntest": 2210,
        "acc": 36.61,
        "devacc": 36.51
    },
    "MRPC": {
        "ndev": 4076,
        "ntest": 1725,
        "acc": 72.06,
        "f1": 80.87,
        "devacc": 71.76
    }
}