{
    "CR": {
        "ndev": 3775,
        "ntest": 3775,
        "acc": 73.56,
        "devacc": 73.67
    },
    "STS16": {
        "postediting": {
            "spearman": [
                0.7395895417191666,
                1.6899018502323953e-43
            ],
            "pearson": [
                0.5646651592951651,
                5.979913111690086e-22
            ],
            "nsamples": 244
        },
        "plagiarism": {
            "spearman": [
                0.6157554796686856,
                2.1386880879091143e-25
            ],
            "pearson": [
                0.592090992771262,
                3.760380383765018e-23
            ],
            "nsamples": 230
        },
        "headlines": {
            "spearman": [
                0.5122767935166699,
                4.621221231536274e-18
            ],
            "pearson": [
                0.4942826674431987,
                9.571992756667505e-17
            ],
            "nsamples": 249
        },
        "answer-answer": {
            "spearman": [
                0.47234365036287423,
                1.6076511450281744e-15
            ],
            "pearson": [
                0.41878948550415457,
                3.3021176768761385e-12
            ],
            "nsamples": 254
        },
        "all": {
            "spearman": {
                "mean": 0.5168394243641903,
                "wmean": 0.523322287943329
            },
            "pearson": {
                "mean": 0.45354454091647334,
                "wmean": 0.4593322683192722
            }
        },
        "question-question": {
            "spearman": [
                0.24423165655355536,
                0.00036557843930739393
            ],
            "pearson": [
                0.1978943995685866,
                0.004075883878023273
            ],
            "nsamples": 209
        }
    },
    "TREC": {
        "ndev": 5452,
        "ntest": 500,
        "acc": 75.6,
        "devacc": 69.21
    },
    "SICKEntailment": {
        "ndev": 500,
        "ntest": 4927,
        "acc": 75.89,
        "devacc": 73.8
    },
    "MR": {
        "ndev": 10662,
        "ntest": 10662,
        "acc": 68.65,
        "devacc": 68.65
    },
    "SST2": {
        "ndev": 872,
        "ntest": 1821,
        "acc": 71.44,
        "devacc": 71.67
    },
    "Depth": {
        "ndev": 10000,
        "ntest": 10000,
        "acc": 30.81,
        "devacc": 30.44
    },
    "Tense": {
        "ndev": 10000,
        "ntest": 10000,
        "acc": 76.26,
        "devacc": 77.14
    },
    "BigramShift": {
        "ndev": 10000,
        "ntest": 10000,
        "acc": 50.62,
        "devacc": 49.88
    },
    "SubjNumber": {
        "ndev": 10000,
        "ntest": 10000,
        "acc": 75.08,
        "devacc": 76.33
    },
    "SUBJ": {
        "ndev": 10000,
        "ntest": 10000,
        "acc": 85.33,
        "devacc": 85.45
    },
    "MPQA": {
        "ndev": 10606,
        "ntest": 10606,
        "acc": 86.05,
        "devacc": 86.14
    },
    "SST5": {
        "ndev": 1101,
        "ntest": 2210,
        "acc": 37.1,
        "devacc": 35.88
    },
    "MRPC": {
        "ndev": 4076,
        "ntest": 1725,
        "acc": 71.71,
        "f1": 80.83,
        "devacc": 71.35
    }
}