{
    "CR": {
        "ndev": 3775,
        "ntest": 3775,
        "acc": 74.36,
        "devacc": 74.14
    },
    "STS16": {
        "postediting": {
            "spearman": [
                0.7410239118180101,
                9.55200859662168e-44
            ],
            "pearson": [
                0.5709808452940197,
                1.643285705553611e-22
            ],
            "nsamples": 244
        },
        "plagiarism": {
            "spearman": [
                0.6253903812710744,
                2.2941765064390138e-26
            ],
            "pearson": [
                0.5942747939508827,
                2.3755581290934498e-23
            ],
            "nsamples": 230
        },
        "headlines": {
            "spearman": [
                0.5243420661404364,
                5.465553336559837e-19
            ],
            "pearson": [
                0.506670718471075,
                1.2111178573617453e-17
            ],
            "nsamples": 249
        },
        "answer-answer": {
            "spearman": [
                0.46365830315473294,
                6.075954932524262e-15
            ],
            "pearson": [
                0.4214323827810601,
                2.336761367677317e-12
            ],
            "nsamples": 254
        },
        "all": {
            "spearman": {
                "mean": 0.5425862169098872,
                "wmean": 0.5462984299146166
            },
            "pearson": {
                "mean": 0.47960264075416587,
                "wmean": 0.4830355360964193
            }
        },
        "question-question": {
            "spearman": [
                0.3585164221651816,
                9.811525712134216e-08
            ],
            "pearson": [
                0.3046544632737917,
                7.291342701486835e-06
            ],
            "nsamples": 209
        }
    },
    "TREC": {
        "ndev": 5452,
        "ntest": 500,
        "acc": 72.8,
        "devacc": 68.27
    },
    "SICKEntailment": {
        "ndev": 500,
        "ntest": 4927,
        "acc": 73.66,
        "devacc": 75.0
    },
    "MR": {
        "ndev": 10662,
        "ntest": 10662,
        "acc": 68.28,
        "devacc": 68.4
    },
    "SST2": {
        "ndev": 872,
        "ntest": 1821,
        "acc": 72.1,
        "devacc": 72.25
    },
    "Depth": {
        "ndev": 10000,
        "ntest": 10000,
        "acc": 30.61,
        "devacc": 30.9
    },
    "Tense": {
        "ndev": 10000,
        "ntest": 10000,
        "acc": 75.07,
        "devacc": 76.87
    },
    "BigramShift": {
        "ndev": 10000,
        "ntest": 10000,
        "acc": 50.13,
        "devacc": 50.46
    },
    "SubjNumber": {
        "ndev": 10000,
        "ntest": 10000,
        "acc": 75.48,
        "devacc": 76.17
    },
    "SUBJ": {
        "ndev": 10000,
        "ntest": 10000,
        "acc": 86.06,
        "devacc": 86.04
    },
    "MPQA": {
        "ndev": 10606,
        "ntest": 10606,
        "acc": 85.71,
        "devacc": 85.74
    },
    "SST5": {
        "ndev": 1101,
        "ntest": 2210,
        "acc": 38.1,
        "devacc": 35.97
    },
    "MRPC": {
        "ndev": 4076,
        "ntest": 1725,
        "acc": 72.12,
        "f1": 80.38,
        "devacc": 73.63
    }
}