{
    "CR": {
        "ndev": 3775,
        "ntest": 3775,
        "acc": 75.31,
        "devacc": 75.14
    },
    "STS16": {
        "postediting": {
            "spearman": [
                0.752417602807597,
                8.953915881288747e-46
            ],
            "pearson": [
                0.6040879211543497,
                1.1681436841195174e-25
            ],
            "nsamples": 244
        },
        "plagiarism": {
            "spearman": [
                0.640041623854366,
                6.604252427674655e-28
            ],
            "pearson": [
                0.6253855527910517,
                2.296789401892519e-26
            ],
            "nsamples": 230
        },
        "headlines": {
            "spearman": [
                0.5151840414358599,
                2.7842735862666197e-18
            ],
            "pearson": [
                0.5063901589444841,
                1.2703561032540572e-17
            ],
            "nsamples": 249
        },
        "answer-answer": {
            "spearman": [
                0.48313509698635587,
                2.921269897967539e-16
            ],
            "pearson": [
                0.44105527955263396,
                1.628315709394425e-13
            ],
            "nsamples": 254
        },
        "all": {
            "spearman": {
                "mean": 0.5295366562401683,
                "wmean": 0.5358260851534602
            },
            "pearson": {
                "mean": 0.480473027290006,
                "wmean": 0.48606541425355704
            }
        },
        "question-question": {
            "spearman": [
                0.25690491611666255,
                0.0001733579530868135
            ],
            "pearson": [
                0.2254462240075107,
                0.0010305630783163315
            ],
            "nsamples": 209
        }
    },
    "TREC": {
        "ndev": 5452,
        "ntest": 500,
        "acc": 79.0,
        "devacc": 74.12
    },
    "SICKEntailment": {
        "ndev": 500,
        "ntest": 4927,
        "acc": 74.87,
        "devacc": 75.4
    },
    "MR": {
        "ndev": 10662,
        "ntest": 10662,
        "acc": 70.35,
        "devacc": 70.23
    },
    "SST2": {
        "ndev": 872,
        "ntest": 1821,
        "acc": 74.9,
        "devacc": 73.39
    },
    "Depth": {
        "ndev": 10000,
        "ntest": 10000,
        "acc": 32.18,
        "devacc": 31.81
    },
    "Tense": {
        "ndev": 10000,
        "ntest": 10000,
        "acc": 76.62,
        "devacc": 77.66
    },
    "BigramShift": {
        "ndev": 10000,
        "ntest": 10000,
        "acc": 49.75,
        "devacc": 49.74
    },
    "SubjNumber": {
        "ndev": 10000,
        "ntest": 10000,
        "acc": 76.87,
        "devacc": 77.29
    },
    "SUBJ": {
        "ndev": 10000,
        "ntest": 10000,
        "acc": 87.26,
        "devacc": 87.13
    },
    "MPQA": {
        "ndev": 10606,
        "ntest": 10606,
        "acc": 86.56,
        "devacc": 86.56
    },
    "SST5": {
        "ndev": 1101,
        "ntest": 2210,
        "acc": 39.05,
        "devacc": 38.15
    },
    "MRPC": {
        "ndev": 4076,
        "ntest": 1725,
        "acc": 71.59,
        "f1": 79.48,
        "devacc": 71.2
    }
}