{
    "CR": {
        "ndev": 3775,
        "ntest": 3775,
        "acc": 74.09,
        "devacc": 74.01
    },
    "STS16": {
        "postediting": {
            "spearman": [
                0.7392443545224823,
                1.937509437690411e-43
            ],
            "pearson": [
                0.5720301180252412,
                1.3223335993395176e-22
            ],
            "nsamples": 244
        },
        "plagiarism": {
            "spearman": [
                0.6290450509460653,
                9.637470514839043e-27
            ],
            "pearson": [
                0.6091692926008723,
                9.417203848982327e-25
            ],
            "nsamples": 230
        },
        "headlines": {
            "spearman": [
                0.5169629796015944,
                2.0371646613530393e-18
            ],
            "pearson": [
                0.49866297828653083,
                4.6525765945025776e-17
            ],
            "nsamples": 249
        },
        "answer-answer": {
            "spearman": [
                0.46436671238785066,
                5.459192453510153e-15
            ],
            "pearson": [
                0.4117300980067779,
                8.195079243915286e-12
            ],
            "nsamples": 254
        },
        "all": {
            "spearman": {
                "mean": 0.5307769752405269,
                "wmean": 0.5356833548448753
            },
            "pearson": {
                "mean": 0.468662928615547,
                "wmean": 0.4730529032213445
            }
        },
        "question-question": {
            "spearman": [
                0.3042657787446422,
                7.499636574241621e-06
            ],
            "pearson": [
                0.25172215615831267,
                0.00023630742958882634
            ],
            "nsamples": 209
        }
    },
    "TREC": {
        "ndev": 5452,
        "ntest": 500,
        "acc": 76.4,
        "devacc": 69.04
    },
    "SICKEntailment": {
        "ndev": 500,
        "ntest": 4927,
        "acc": 74.37,
        "devacc": 74.2
    },
    "MR": {
        "ndev": 10662,
        "ntest": 10662,
        "acc": 68.52,
        "devacc": 68.6
    },
    "SST2": {
        "ndev": 872,
        "ntest": 1821,
        "acc": 71.28,
        "devacc": 71.44
    },
    "Depth": {
        "ndev": 10000,
        "ntest": 10000,
        "acc": 30.18,
        "devacc": 30.6
    },
    "Tense": {
        "ndev": 10000,
        "ntest": 10000,
        "acc": 76.58,
        "devacc": 77.61
    },
    "BigramShift": {
        "ndev": 10000,
        "ntest": 10000,
        "acc": 49.8,
        "devacc": 49.65
    },
    "SubjNumber": {
        "ndev": 10000,
        "ntest": 10000,
        "acc": 75.2,
        "devacc": 76.43
    },
    "SUBJ": {
        "ndev": 10000,
        "ntest": 10000,
        "acc": 85.53,
        "devacc": 85.64
    },
    "MPQA": {
        "ndev": 10606,
        "ntest": 10606,
        "acc": 86.13,
        "devacc": 86.13
    },
    "SST5": {
        "ndev": 1101,
        "ntest": 2210,
        "acc": 38.01,
        "devacc": 36.33
    },
    "MRPC": {
        "ndev": 4076,
        "ntest": 1725,
        "acc": 72.29,
        "f1": 81.24,
        "devacc": 71.42
    }
}